{
  "X_thresholds": [
    3.551805141341251e-08,
    1.618438479048922e-06,
    1.7359048276994087e-06,
    3.7157839393588894e-05,
    3.7243069273419767e-05,
    4.210653569153774e-05,
    4.2267516541465254e-05,
    6.695069623342015e-05,
    6.6993831678239e-05,
    0.013256821238032207,
    0.013257027967463779,
    0.03191704248042851,
    0.031917082900898563,
    0.03891085010464708,
    0.03891112079676042,
    0.05198502580111343,
    0.05198519353762505,
    0.059468004949993575,
    0.05946802673774086,
    0.06351699944998478,
    0.06351720806913462,
    0.06374338967425738,
    0.06374343198014508,
    0.09289273653173515,
    0.09289277447412823,
    0.09328183349620231,
    0.0932823381180762,
    0.0938583744150097,
    0.09385860014265071,
    0.10770990136285907,
    0.10770999794547513,
    0.118092795675973,
    0.1180929423269881,
    0.11853870978144554,
    0.11853902958308687,
    0.12346762976299391,
    0.12346847163720141,
    0.13648891052449233,
    0.13648892886881167,
    0.16580158497512723,
    0.1658026081707291,
    0.17022936747163234,
    0.17022950235363035,
    0.17023488098839867,
    0.1702351691165779,
    0.17200376443168877,
    0.17200379904374694,
    0.19016172199562453,
    0.19016177180437216,
    0.21865228173191562,
    0.2186530761018631,
    0.22311910604005405,
    0.22312132277287935,
    0.24017466129034087,
    0.24017770497911248,
    0.2561477868983285,
    0.2561485575151515,
    0.28306073797514997,
    0.28306958030011753,
    0.37282094548854,
    0.3729091597160506,
    0.47164017294354266,
    0.47204894341696546,
    0.5021225512148494,
    0.502306578994425,
    0.5582345510945913,
    0.5585044694039155,
    0.6744303525381004,
    0.6766693851094063,
    1.613402141791302,
    1.6498122347581075,
    3.0732371682344373
  ],
  "y_thresholds": [
    0.6363636363636364,
    0.6363636363636364,
    0.7234848484848486,
    0.7234848484848486,
    0.7567567567567568,
    0.7567567567567568,
    0.7716049382716049,
    0.7716049382716049,
    0.7828488502902402,
    0.7828488502902402,
    0.7832975935191806,
    0.7832975935191806,
    0.7855319508027256,
    0.7855319508027256,
    0.786815578465063,
    0.786815578465063,
    0.7877821885400377,
    0.7877821885400377,
    0.789443899494454,
    0.789443899494454,
    0.7895433487756452,
    0.7895433487756452,
    0.7899549887883157,
    0.7899549887883157,
    0.7905087644292432,
    0.7905087644292432,
    0.7922962962962963,
    0.7922962962962963,
    0.793152059335272,
    0.793152059335272,
    0.793331844905857,
    0.793331844905857,
    0.793886058360352,
    0.793886058360352,
    0.7942673564753007,
    0.7942673564753007,
    0.7955981921764878,
    0.7955981921764878,
    0.7988214061362662,
    0.7988214061362662,
    0.798836032388664,
    0.798836032388664,
    0.8,
    0.8,
    0.8010159010600707,
    0.8010159010600707,
    0.8010619098684383,
    0.8010619098684383,
    0.8030307305923188,
    0.8030307305923188,
    0.8032694475760991,
    0.8032694475760991,
    0.8076695583596216,
    0.8076695583596216,
    0.8137884420412301,
    0.8137884420412301,
    0.8157614483493077,
    0.8157614483493077,
    0.831337325349301,
    0.831337325349301,
    0.8369441277080958,
    0.8369441277080958,
    0.8454545454545455,
    0.8454545454545455,
    0.9245283018867925,
    0.9245283018867925,
    0.9285714285714286,
    0.9285714285714286,
    0.9391634980988594,
    0.9391634980988594,
    1.0,
    1.0
  ]
}