{
  "n_regimes": 3,
  "n_states": 9,
  "n_outcomes": 11,
  "outcome_values": [
    -5.0,
    -4.0,
    -3.0,
    -2.0,
    -1.0,
    0.0,
    1.0,
    2.0,
    3.0,
    4.0,
    5.0
  ],
  "probs": [
    [
      [
        1.1362474292401912e-06,
        1.1362474292401912e-06,
        1.1362474292401912e-06,
        2.2724948584803825e-06,
        0.0019123044234112421,
        0.9068061221011487,
        0.09120544489768091,
        6.703859832517129e-05,
        1.1362474292401912e-06,
        1.1362474292401912e-06,
        1.1362474292401912e-06
      ],
      [
        1.8768592637081108e-06,
        1.8768592637081108e-06,
        1.8768592637081108e-06,
        1.876859263708111e-05,
        0.02068298908606338,
        0.959728230778615,
        0.0195305974981466,
        2.8152888955621663e-05,
        1.8768592637081108e-06,
        1.8768592637081108e-06,
        1.8768592637081108e-06
      ],
      [
        2.2679825501422593e-06,
        1.1339912750711297e-06,
        1.1339912750711297e-06,
        8.504934563033471e-05,
        0.09051858555000278,
        0.9074731159018462,
        0.00190737332466964,
        6.803947650426778e-06,
        1.1339912750711297e-06,
        1.1339912750711297e-06,
        2.2679825501422593e-06
      ],
      [
        0.00027570995312930797,
        0.00027570995312930797,
        0.00027570995312930797,
        0.0013785497656465398,
        0.0019299696719051558,
        0.9867659222497932,
        0.005514199062586159,
        0.0027570995312930797,
        0.00027570995312930797,
        0.00027570995312930797,
        0.00027570995312930797
      ],
      [
        4.830217842824711e-05,
        4.830217842824711e-05,
        4.830217842824711e-05,
        0.00014490653528474135,
        0.0005313239627107182,
        0.9985026324687244,
        0.000434719605854224,
        9.660435685649422e-05,
        4.830217842824711e-05,
        4.830217842824711e-05,
        4.830217842824711e-05
      ],
      [
        0.0002674511901577962,
        0.0002674511901577962,
        0.0002674511901577962,
        0.0018721583311045735,
        0.005081572612998127,
        0.9901043059641615,
        0.0005349023803155924,
        0.0008023535704733886,
        0.0002674511901577962,
        0.0002674511901577962,
        0.0002674511901577962
      ],
      [
        0.0005293806246691371,
        0.0005293806246691371,
        0.0005293806246691371,
        0.0010587612493382743,
        0.0021175224986765486,
        0.9851773425092641,
        0.006881948120698782,
        0.0015881418740074113,
        0.0005293806246691371,
        0.0005293806246691371,
        0.0005293806246691371
      ],
      [
        0.00023866348448687351,
        0.00023866348448687351,
        0.00023866348448687351,
        0.0007159904534606205,
        0.0009546539379474941,
        0.9949880668257757,
        0.001431980906921241,
        0.00047732696897374703,
        0.00023866348448687351,
        0.00023866348448687351,
        0.00023866348448687351
      ],
      [
        0.0004679457182966776,
        0.0004679457182966776,
        0.0004679457182966776,
        0.003275620028076743,
        0.003275620028076743,
        0.9864295741693964,
        0.0028076743097800653,
        0.0014038371548900327,
        0.0004679457182966776,
        0.0004679457182966776,
        0.0004679457182966776
      ]
    ],
    [
      [
        1.6562077149467778e-06,
        1.6562077149467778e-06,
        1.6562077149467778e-06,
        3.9748985158722665e-05,
        0.008284350990163782,
        0.7295379677337613,
        0.2618182842019315,
        0.00030308601183526036,
        3.3124154298935556e-06,
        6.624830859787111e-06,
        1.6562077149467778e-06
      ],
      [
        4.870327529526361e-06,
        4.870327529526361e-06,
        1.4610982588579082e-05,
        0.0002483867040058444,
        0.1129234140995982,
        0.7780640448070133,
        0.10853524899549495,
        0.0001850724461220017,
        4.870327529526361e-06,
        9.740655059052721e-06,
        4.870327529526361e-06
      ],
      [
        4.96686274737046e-06,
        8.278104578950767e-06,
        1.6556209157901534e-06,
        0.00030297862758959805,
        0.25996725181828567,
        0.7315559690928688,
        0.008112542487371751,
        3.973490197896368e-05,
        3.311241831580307e-06,
        1.6556209157901534e-06,
        1.6556209157901534e-06
      ],
      [
        0.00022172949002217295,
        0.00022172949002217295,
        0.00022172949002217295,
        0.0013303769401330377,
        0.0028824833702882483,
        0.9722838137472284,
        0.015964523281596452,
        0.00598669623059867,
        0.00022172949002217295,
        0.0004434589800443459,
        0.00022172949002217295
      ],
      [
        3.207184092366902e-05,
        3.207184092366902e-05,
        3.207184092366902e-05,
        0.00041693393200769723,
        0.0016356638871071198,
        0.9960872354073124,
        0.0012508017960230918,
        0.00041693393200769723,
        3.207184092366902e-05,
        3.207184092366902e-05,
        3.207184092366902e-05
      ],
      [
        0.00023413720440177945,
        0.0004682744088035589,
        0.00023413720440177945,
        0.0077265277452587214,
        0.018262701943338795,
        0.9683914774057598,
        0.0030437836572231327,
        0.0009365488176071178,
        0.00023413720440177945,
        0.00023413720440177945,
        0.00023413720440177945
      ],
      [
        0.0005668934240362812,
        0.0005668934240362812,
        0.0011337868480725624,
        0.0045351473922902496,
        0.006235827664399093,
        0.9710884353741497,
        0.00963718820861678,
        0.003968253968253968,
        0.0011337868480725624,
        0.0005668934240362812,
        0.0005668934240362812
      ],
      [
        0.00031026993484331366,
        0.0006205398696866273,
        0.00031026993484331366,
        0.0015513496742165685,
        0.004654049022649705,
        0.9847967731926777,
        0.004964318957493019,
        0.0015513496742165685,
        0.0006205398696866273,
        0.00031026993484331366,
        0.00031026993484331366
      ],
      [
        0.0005452562704471102,
        0.0005452562704471102,
        0.0005452562704471102,
        0.006543075245365322,
        0.010905125408942203,
        0.9705561613958561,
        0.006543075245365322,
        0.0021810250817884407,
        0.0005452562704471102,
        0.0005452562704471102,
        0.0005452562704471102
      ]
    ],
    [
      [
        3.1739633438973416e-05,
        4.443548681456278e-05,
        3.0152651767024742e-05,
        0.0005967051086527001,
        0.03843828307626875,
        0.5533138557782796,
        0.4047088920170061,
        0.0027169126223761243,
        5.2370395174306135e-05,
        4.443548681456278e-05,
        2.221774340728139e-05
      ],
      [
        5.8976582827406765e-05,
        7.632263660017346e-05,
        6.938421509106678e-05,
        0.002313963573287077,
        0.23684995663486558,
        0.5266296617519515,
        0.2316045099739809,
        0.002178664353859497,
        0.00011101474414570685,
        5.2038161318300087e-05,
        5.5507372072853426e-05
      ],
      [
        3.3202945891846936e-05,
        6.798698444521039e-05,
        6.798698444521039e-05,
        0.0027242226557929656,
        0.4003152698767064,
        0.5568181458842577,
        0.039320193399254355,
        0.0005913286554071788,
        2.2135297261231293e-05,
        2.2135297261231293e-05,
        1.739201927668173e-05
      ],
      [
        0.0009004952723998199,
        0.00075041272699985,
        0.00105057781779979,
        0.013207263995197359,
        0.018159987993396368,
        0.8589224073240282,
        0.057781779978988444,
        0.043373855620591324,
        0.0019510730901996097,
        0.00255140327179949,
