{
  "n_regimes": 3,
  "n_states": 9,
  "n_outcomes": 11,
  "outcome_values": [
    -5.0,
    -4.0,
    -3.0,
    -2.0,
    -1.0,
    0.0,
    1.0,
    2.0,
    3.0,
    4.0,
    5.0
  ],
  "probs": [
    [
      [
        5.399456955016206e-08,
        5.399456955016206e-08,
        5.399456955016206e-08,
        5.399456955016206e-08,
        0.002975694722478981,
        0.8843236540328191,
        0.11259924944308648,
        0.00010102383962835318,
        5.399456955016206e-08,
        5.399456955016206e-08,
        5.399456955016206e-08
      ],
      [
        8.728996180278561e-08,
        8.728996180278561e-08,
        8.728996180278561e-08,
        2.8892977356722034e-05,
        0.03156151877899499,
        0.938585401574414,
        0.02974676047311508,
        7.690245634825412e-05,
        8.728996180278561e-08,
        8.728996180278561e-08,
        8.728996180278561e-08
      ],
      [
        5.3771330212911345e-08,
        5.3771330212911345e-08,
        5.3771330212911345e-08,
        8.877646618151661e-05,
        0.11128788734648215,
        0.885618164084397,
        0.0029870511646574375,
        1.779831030047365e-05,
        5.3771330212911345e-08,
        5.3771330212911345e-08,
        5.3771330212911345e-08
      ],
      [
        7.301348559078863e-06,
        7.301348559078863e-06,
        7.301348559078863e-06,
        0.0016135980315564286,
        0.0008104496900577536,
        0.9886829097334279,
        0.0072356364220471535,
        0.0016135980315564286,
        7.301348559078863e-06,
        7.301348559078863e-06,
        7.301348559078863e-06
      ],
      [
        1.454987770827786e-06,
        1.454987770827786e-06,
        1.454987770827786e-06,
        1.454987770827786e-06,
        0.0006416496069350534,
        0.998705060883963,
        0.0006416496069350534,
        1.454987770827786e-06,
        1.454987770827786e-06,
        1.454987770827786e-06,
        1.454987770827786e-06
      ],
      [
        7.372402149792469e-06,
        7.372402149792469e-06,
        7.372402149792469e-06,
        0.0008183366386269638,
        0.005684122057489993,
        0.9934385620866848,
        7.372402149792469e-06,
        7.372402149792469e-06,
        7.372402149792469e-06,
        7.372402149792469e-06,
        7.372402149792469e-06
      ],
      [
        1.8214604469863942e-05,
        1.8214604469863942e-05,
        1.8214604469863942e-05,
        1.8214604469863942e-05,
        0.002021821096154897,
        0.9938070344802463,
        0.002021821096154897,
        0.002021821096154897,
        1.8214604469863942e-05,
        1.8214604469863942e-05,
        1.8214604469863942e-05
      ],
      [
        7.493948636476047e-06,
        7.493948636476047e-06,
        7.493948636476047e-06,
        7.493948636476047e-06,
        0.0008318282986488411,
        0.9991007261636229,
        7.493948636476047e-06,
        7.493948636476047e-06,
        7.493948636476047e-06,
        7.493948636476047e-06,
        7.493948636476047e-06
      ],
      [
        1.4246840763060796e-05,
        1.4246840763060796e-05,
        1.4246840763060796e-05,
        0.0031485518086364355,
        0.0062828567765098094,
        0.9888874642048127,
        0.001581399324699748,
        1.4246840763060796e-05,
        1.4246840763060796e-05,
        1.4246840763060796e-05,
        1.4246840763060796e-05
      ]
    ],
    [
      [
        7.458038650688664e-08,
        7.458038650688664e-08,
        7.458038650688664e-08,
        7.390916302832466e-05,
        0.010369731520304024,
        0.7054074732977976,
        0.2836807449327661,
        0.000467693603784686,
        7.458038650688664e-08,
        7.458038650688664e-08,
        7.458038650688664e-08
      ],
      [
        1.8737149828433286e-07,
        1.8737149828433286e-07,
        2.0798236309560942e-05,
        0.0005566807214027528,
        0.1258501279091533,
        0.752626526820075,
        0.12059435738227774,
        0.0003505720732899867,
        1.8737149828433286e-07,
        1.8737149828433286e-07,
        1.8737149828433286e-07
      ],
      [
        7.444053656440993e-08,
        7.444053656440993e-08,
        7.444053656440993e-08,
        0.0005487011950162656,
        0.28151929561982203,
        0.7078350376866381,
        0.010006371365524546,
        9.014748977950042e-05,
        7.444053656440993e-08,
        7.444053656440993e-08,
        7.444053656440993e-08
      ],
      [
        6.068292564521122e-06,
        6.068292564521122e-06,
        6.068292564521122e-06,
        0.0013410926567591678,
        0.006681190113537755,
        0.9425332694139851,
        0.04539689667518251,
        0.004011141385148461,
        6.068292564521122e-06,
        6.068292564521122e-06,
        6.068292564521122e-06
      ],
      [
        1.1508790989997708e-06,
        1.1508790989997708e-06,
        1.1508790989997708e-06,
        0.0006341343835488736,
        0.00531821231647794,
        0.989227771633362,
        0.004052245307578192,
        0.0007607310844388483,
        1.1508790989997708e-06,
        1.1508790989997708e-06,
        1.1508790989997708e-06
      ],
      [
        6.933802982922045e-06,
        6.933802982922045e-06,
        6.933802982922045e-06,
        0.004583243771711471,
        0.03280382191220419,
        0.9564557172672496,
        0.004583243771711471,
        0.0015323704592257717,
        6.933802982922045e-06,
        6.933802982922045e-06,
        6.933802982922045e-06
      ],
      [
        1.643628474219688e-05,
        1.643628474219688e-05,
        1.643628474219688e-05,
        0.005440410249667167,
        0.010864384214592135,
        0.9763317499712366,
        0.007248401571308822,
        1.643628474219688e-05,
        1.643628474219688e-05,
        1.643628474219688e-05,
        1.643628474219688e-05
      ],
      [
        9.02681867829321e-06,
        0.0010019768732905463,
        9.02681867829321e-06,
        9.02681867829321e-06,
        0.013910327583249837,
        0.976078930502523,
        0.006959677200964065,
        0.0019949269279027995,
        9.02681867829321e-06,
        9.02681867829321e-06,
        9.02681867829321e-06
      ],
      [
        1.543186061943489e-05,
        1.543186061943489e-05,
        1.543186061943489e-05,
        0.005107945865032948,
        0.013595469205722138,
        0.9760806160398761,
        0.0017129365287572725,
        0.0034104411968951106,
        1.543186061943489e-05,
        1.543186061943489e-05,
        1.543186061943489e-05
      ]
    ],
    [
      [
        8.352338203788792e-05,
        0.00014842045990789163,
        6.498135978931541e-05,
        0.0014556330284322522,
        0.04560418800228336,
        0.5169609355832447,
        0.4286545546244182,
        0.00672156734702684,
        0.00015769147103217787,
        0.00012987843765931915,
        1.8626304167884186e-05
      ],
      [
        0.00013782851410692833,
        0.000206664548394157,
        0.00013782851410692833,
        0.00523169505136185,
        0.25135493564534794,
        0.4864644107533775,
        0.2511484275424863,
        0.0048186788456384775,
        0.0002582915741095785,
        0.00010341049696331398,
        0.00013782851410692833
      ],
      [
        6.416225277247922e-05,
        0.00015570372884216423,
        0.00015570372884216423,
        0.006764998301073423,
        0.4276360886790573,
        0.5160285379719451,
        0.04750095515208326,
        0.001519671722280471,
        5.500810516551072e-05,
        6.416225277247922e-05,
        5.500810516551072e-05
      ],
      [
        0.0006445384841971413,
        0.0006445384841971413,
        0.0009653494944310126,
        0.013797789903785862,
        0.023422120210802002,
        0.8206374806419721,
        0.07988485801196334,
        0.05293673315231815,
        0.0022485935353664973,
        0.003852648586535854,
        0.0009653494944310126
      ],
      [
