{
  "coefficients": {
    "intercept": 1.004504678643289,
    "abs_toxicity": -0.010620718523285015,
    "vol_regime": 0.07508285046307468,
    "spread_ticks": 0.14554811282844093,
    "tox_x_vol": 0.33530302831292036,
    "r2": 0.027941461537858925,
    "n_samples": 1054593,
    "alpha_eff": 105.4593
  },
  "n_vol_bins": 3,
  "n_tox_bins": 10,
  "n_gex_bins": 1,
  "has_gex": false,
  "markout_horizon_ns": 1000000000,
  "hs_grid": [
    0.5,
    1.0,
    1.5,
    2.0,
    2.5,
    3.0,
    3.5,
    4.0,
    4.5,
    5.0
  ],
  "table": {
    "0_0_0": 1.0,
    "0_1_0": 1.0,
    "0_2_0": 1.0,
    "0_3_0": 1.0,
    "0_4_0": 1.0,
    "0_5_0": 1.0,
    "0_6_0": 1.0,
    "0_7_0": 1.0,
    "0_8_0": 1.0,
    "0_9_0": 1.0,
    "1_0_0": 1.0,
    "1_1_0": 1.0,
    "1_2_0": 1.0,
    "1_3_0": 1.0,
    "1_4_0": 1.0,
    "1_5_0": 1.0,
    "1_6_0": 1.0,
    "1_7_0": 1.0,
    "1_8_0": 1.0,
    "1_9_0": 1.0,
    "2_0_0": 1.0,
    "2_1_0": 1.0,
    "2_2_0": 1.0,
    "2_3_0": 1.0,
    "2_4_0": 1.0,
    "2_5_0": 1.0,
    "2_6_0": 1.0,
    "2_7_0": 1.0,
    "2_8_0": 1.0,
    "2_9_0": 5.0
  },
  "skew_table": {
    "0_0_0": 0.14177137379925403,
    "0_1_0": 0.1566841650327831,
    "0_2_0": 0.17920118406201418,
    "0_3_0": 0.21001460261558613,
    "0_4_0": 0.22493867449296948,
    "0_5_0": 0.2411171520743565,
    "0_6_0": 0.24381990413147683,
    "0_7_0": 0.2570912604384734,
    "0_8_0": 0.27652007386635663,
    "0_9_0": 0.36077970878346644,
    "1_0_0": 0.17427578426377466,
    "1_1_0": 0.19657696523922344,
    "1_2_0": 0.21152004378163908,
    "1_3_0": 0.23249916860658465,
    "1_4_0": 0.22221773411749499,
    "1_5_0": 0.23938078157447612,
    "1_6_0": 0.2576893234016139,
    "1_7_0": 0.2756059122345309,
    "1_8_0": 0.28529072765325003,
    "1_9_0": 0.3710900713036459,
    "2_0_0": 0.16799206428595245,
    "2_1_0": 0.1924143611120449,
    "2_2_0": 0.19766965078931184,
    "2_3_0": 0.2105870311903688,
    "2_4_0": 0.23385839051777915,
    "2_5_0": 0.24805798780280058,
    "2_6_0": 0.26520608923171024,
    "2_7_0": 0.2788268003957289,
    "2_8_0": 0.31079263606511565,
    "2_9_0": 0.4398304573428261
  }
}