{
  "features": [
    "z_ofi_L1_50ms",
    "z_ofi_L1_500ms",
    "z_ofi_L1_5000ms",
    "z_ofi_L2_500ms",
    "z_ofi_deep_500ms",
    "z_ofi_agg_500ms",
    "z_imb_L1",
    "z_imb_L2",
    "z_imb_L3",
    "z_L1_L2_disagree",
    "z_microprice_delta",
    "z_vpin_500ms",
    "z_vpin_5000ms",
    "z_kyle_lambda",
    "z_trade_accel",
    "z_trade_rate",
    "z_cancel_ratio_500ms",
    "z_canc_L1_share_500ms",
    "spread_ticks",
    "z_spread",
    "z_slope_bid",
    "z_slope_ask",
    "z_curv_bid",
    "z_curv_ask",
    "z_hhi_bid",
    "z_hhi_ask",
    "z_avg_ord_sz_bid",
    "z_avg_ord_sz_ask",
    "z_net_depletion_50ms",
    "z_net_depletion_500ms",
    "z_modify_rate_500ms",
    "z_realized_vol",
    "z_signed_vol_500ms",
    "z_signed_vol_5000ms",
    "z_resilience_bid_500ms",
    "z_resilience_ask_500ms",
    "z_fill_asym_500ms",
    "z_latency",
    "ofi_L1_x_vol",
    "ofi_L1_x_spread",
    "imb_L2_x_vol",
    "slope_x_accel"
  ],
  "weights": [
    -0.003736962151697115,
    0.0021113457748840824,
    -0.040196557525719996,
    0.002771873949572445,
    -0.004398578234102606,
    0.00046780306646130595,
    0.023182994877577367,
    0.1413642525299629,
    0.005525075154043741,
    0.005672374736805249,
    0.00129579849599212,
    0.007461926921510581,
    0.002448674416240711,
    0.0025103454030906093,
    0.004647807124656172,
    0.0006022986903100989,
    -0.006620354056575286,
    -0.0004801413784504587,
    0.0033153672310061062,
    0.027080475350070392,
    -0.01293924794689985,
    0.020620160740755154,
    -0.028372796396537253,
    -0.004578648656094761,
    0.007252479043592385,
    -0.006963384569195871,
    0.01461225950144437,
    -0.006080959249367259,
    0.002738001776153945,
    -0.005522319718037064,
    0.0007617196693884082,
    -0.002673030584928938,
    0.005887390373587564,
    0.01934120551270567,
    0.0013771020680662185,
    -0.005506859390777011,
    0.0018984541210055575,
    -0.0015296901122930624,
    -0.002764852763951388,
    -0.005084238094424907,
    0.010992894205914705,
    -0.0005321979916564575,
    -0.0036053210642849735
  ],
  "mean": [
    -0.0003340711072367795,
    -0.0026745943525742382,
    -0.004401195969823854,
    -0.0018994141520686722,
    -0.0005090464483200114,
    -0.002432303300551835,
    -1.1466482478668363e-05,
    -0.0013514295144592303,
    -0.001447569147606239,
    -0.00016832235619179366,
    -0.0002638031098067196,
    -0.002180115444316776,
    -0.0049608485255277805,
    0.006227480904889202,
    0.00935749144882682,
    0.011517288812682934,
    0.0018903446209645985,
    0.003029882834332466,
    1.0436982949433855,
    -0.002074886503968022,
    0.0007993313287642067,
    0.0012520716683824425,
    -0.0006860886466925676,
    -0.000789259331387525,
    -0.0003942233141211692,
    -6.358215672138812e-05,
    -0.001881720795794215,
    -0.0013511047428910261,
    3.543154691359299e-05,
    5.616964265390778e-05,
    -0.0005001897891008278,
    0.0010558790439276816,
    -0.0004760625835841043,
    -0.00030914386754144694,
    0.0023275128848937216,
    0.003525389424804894,
    -0.0007344125317377296,
    0.003478028307803435,
    0.009046207997924358,
    -0.0027672597711714386,
    -0.0002920994190598949,
    0.10969789748164042
  ],
  "var": [
    0.9920520451687422,
    0.9941719922269265,
    0.9959836083997253,
    0.9868383857178485,
    0.9706494723602446,
    0.9900291745017665,
    0.997620383174189,
    0.9950958710430217,
    0.9955298806817777,
    0.9977278722084862,
    0.9836616697448313,
    0.9971062907609952,
    0.9963576878364547,
    0.9958029743258439,
    0.9969997138457428,
    0.9935276861420679,
    0.9705088406906737,
    0.9940804661595385,
    0.3140493182626936,
    0.9482302513033511,
    0.9968083626694348,
    0.9967975945680868,
    0.996376405173349,
    0.996452325015756,
    0.9897073533750541,
    0.9900026947421331,
    0.8904347801456324,
    0.8970870448949606,
    0.9941040580303304,
    0.9942437037114888,
    0.9748838642378629,
    0.9931801583638387,
    0.9906804952977482,
    0.9949628705362717,
    0.9904140838981246,
    0.9896542504819439,
    0.9970889089745502,
    0.9773132735151409,
    0.6508428542521014,
    1.7976138917555127,
    0.9655720853205703,
    0.21849639148553396
  ],
  "n_features": 42,
  "target": "fwd_return_1000ms",
  "oof_stats": {
    "oof_r2": 0.05889050595257983,
    "oof_rmse": 0.40996667297423417,
    "fold_r2s": [
      0.014604311971418205,
      0.07283271205059405,
      0.07722429232575845,
      0.1082450684323143,
      0.11040216299412609
    ],
    "n_oof": 5396595,
    "n_features": 42,
    "n_folds": 5,
    "purge_ns": 10000000000,
    "embargo_ns": 5000000000
  }
}